insert into clients
	(nom, prenom, date_naissance, adresse, telephone, email)
values
	('Castel', 'Mewen', '1990-05-15', '12 rue des Lilas, 75015 Paris', '0612345678', 'mewen.castel@gmail.com'),
	('RIVER', 'Benoit', '1985-03-22', '45 avenue Victor Hugo, 69003 Lyon', '0687654321', 'benoit.river@outlook.fr'),
	('SARDEK', 'Julie', '1992-11-08', '8 boulevard de la Liberté, 33000 Bordeaux', '0698765432', 'julie.sardek@yahoo.fr'),
	('DUPONT', 'Jacques', '1988-07-10', '25 rue de la Paix, 75008 Paris', '0645678901', 'jacques.dupont@hotmail.com'),
	('MARTIN', 'Sophie', '1995-12-25', '120 boulevard Saint-Germain, 75006 Paris', '0678901234', 'sophie.martin@gmail.com'),
	('BERNARD', 'Pierre', '1980-02-14', '50 rue de la République, 13000 Marseille', '0612345679', 'pierre.bernard@yahoo.fr');

insert into prets
	(client_id, montant, taux_interet, duree_mois, mensualite, date_debut)
values
	(1, 50000.00, 3.50, 240, 354.89, '2024-01-15'),
	(2, 100000.00, 4.00, 180, 739.69, '2023-06-01'),
	(3, 75000.00, 3.75, 200, 445.13, '2024-03-10'),
	(4, 35000.00, 3.25, 120, 302.45, '2024-02-20'),
	(5, 60000.00, 3.80, 180, 397.82, '2024-03-15'),
	(6, 45000.00, 3.60, 150, 321.58, '2023-12-01');

insert into echeances
    (pret_id, numero_mois, date_echeance, montant_principal, montant_interet, montant_total, capital_restant, statut)
values
    (1, 1, '2024-02-15', 208.89, 146.00, 354.89, 49791.11, 'PAYE'),
    (1, 2, '2024-03-15', 209.50, 145.39, 354.89, 49581.61, 'PAYE'),
    (1, 3, '2024-04-15', 210.11, 144.78, 354.89, 49371.50, 'A_PAYER'),
    (1, 4, '2024-05-15', 210.73, 144.16, 354.89, 49160.77, 'A_PAYER'),
    (2, 1, '2023-07-01', 406.36, 333.33, 739.69, 99593.64, 'PAYE'),
    (2, 2, '2023-08-01', 407.71, 331.98, 739.69, 99185.93, 'PAYE'),
    (2, 3, '2023-09-01', 409.07, 330.62, 739.69, 98776.86, 'A_PAYER'),
    (2, 4, '2023-10-01', 410.43, 329.26, 739.69, 98366.43, 'A_PAYER'),
    (3, 1, '2024-04-10', 210.75, 234.38, 445.13, 74789.25, 'PAYE'),
    (3, 2, '2024-05-10', 211.41, 233.72, 445.13, 74577.84, 'A_PAYER'),
    (3, 3, '2024-06-10', 212.07, 233.06, 445.13, 74365.77, 'A_PAYER'),
    (3, 4, '2024-07-10', 212.74, 232.39, 445.13, 74153.03, 'A_PAYER'),
    (4, 1, '2024-03-20', 268.52, 33.93, 302.45, 34731.48, 'PAYE'),
    (4, 2, '2024-04-20', 269.25, 33.20, 302.45, 34462.23, 'PAYE'),
    (4, 3, '2024-05-20', 269.98, 32.47, 302.45, 34192.25, 'A_PAYER'),
    (4, 4, '2024-06-20', 270.71, 31.74, 302.45, 33921.54, 'A_PAYER'),
    (5, 1, '2024-04-15', 288.93, 108.89, 397.82, 59711.07, 'PAYE'),
    (5, 2, '2024-05-15', 290.12, 107.70, 397.82, 59420.95, 'A_PAYER'),
    (5, 3, '2024-06-15', 291.32, 106.50, 397.82, 59129.63, 'A_PAYER'),
    (5, 4, '2024-07-15', 292.52, 105.30, 397.82, 58837.11, 'A_PAYER'),
    (6, 1, '2024-01-01', 265.85, 55.73, 321.58, 44734.15, 'PAYE'),
    (6, 2, '2024-02-01', 266.74, 54.84, 321.58, 44467.41, 'PAYE'),
    (6, 3, '2024-03-01', 267.64, 53.94, 321.58, 44199.77, 'PAYE'),
    (6, 4, '2024-04-01', 268.54, 53.04, 321.58, 43931.23, 'A_PAYER');

insert into paiements
    (echeance_id, montant_paye, date_paiement, jours_retard, penalite)
values
    (1, 354.89, '2024-02-15', 0, 0.00),
    (2, 354.89, '2024-03-20', 5, 2.43),
    (5, 739.69, '2023-07-01', 0, 0.00),
    (6, 739.69, '2023-08-10', 10, 7.40),
    (9, 445.13, '2024-04-10', 0, 0.00),
    (13, 302.45, '2024-03-20', 0, 0.00),
    (17, 397.82, '2024-04-15', 0, 0.00),
    (21, 321.58, '2024-01-01', 0, 0.00),
    (22, 321.58, '2024-02-05', 5, 1.61);
